{
  "train_loss": [
    793725435904.0,
    791711514624.0,
    798042521600.0,
    788780318720.0,
    799235932160.0,
    795392671744.0,
    799309234176.0,
    791457890304.0,
    793875054592.0,
    799132385280.0,
    796604694528.0
  ],
  "val_loss": [
    830136057856.0,
    830135795712.0,
    830135468032.0,
    830135140352.0,
    830134812672.0,
    830134288384.0,
    830133698560.0,
    830133043200.0,
    830132453376.0,
    830131470336.0,
    830130225152.0
  ],
  "train_reward": [
    793725435904.0,
    791711514624.0,
    798042521600.0,
    788780318720.0,
    799235932160.0,
    795392671744.0,
    799309234176.0,
    791457890304.0,
    793875054592.0,
    799132385280.0,
    796604694528.0
  ],
  "val_reward": [
    -904089.824074074,
    -904089.824074074,
    -904089.824074074,
    -904089.824074074,
    -904089.824074074,
    -904089.824074074,
    -904089.824074074,
    -904089.824074074,
    -904089.824074074,
    -904089.824074074,
    -904089.824074074
  ]
}