{
  "train_loss": [
    0.04237987892702222,
    0.01049840822815895,
    0.009803792927414179,
    0.006210224237293005,
    0.006575600942596793,
    0.005904237972572446,
    0.007012149319052696,
    0.005903345416299999,
    0.004537541884928942,
    0.005376242217607796,
    0.0057378041092306376,
    0.005557614611461759,
    0.006183434161357582,
    0.005003651371225715
  ],
  "val_loss": [
    0.004667353816330433,
    0.0034682180266827345,
    0.003962307702749968,
    0.00394947174936533,
    0.0033040703274309635,
    0.002840064000338316,
    0.0020665437914431095,
    0.0035662311129271984,
    0.0044957492500543594,
    0.0037734624929726124,
    0.0024511246010661125,
    0.002197137800976634,
    0.002348376903682947,
    0.0019839461892843246
  ],
  "train_reward": [
    0.04237987892702222,
    0.01049840822815895,
    0.009803792927414179,
    0.006210224237293005,
    0.006575600942596793,
    0.005904237972572446,
    0.007012149319052696,
    0.005903345416299999,
    0.004537541884928942,
    0.005376242217607796,
    0.0057378041092306376,
    0.005557614611461759,
    0.006183434161357582,
    0.005003651371225715
  ],
  "val_reward": [
    0.009404224378091318,
    0.009404224378091318,
    0.009404224378091318,
    0.009404224378091318,
    0.009404224378091318,
    0.009404224378091318,
    0.009404224378091318,
    0.009404224378091318,
    0.009404224378091318,
    0.009404224378091318,
    0.009404224378091318,
    0.009404224378091318,
    0.009404224378091318,
    0.009404224378091318
  ],
  "val_counterfactual_reward": [
    0.05376115825402552,
    0.015053542537717297,
    0.03903278849580212,
    0.06703748839569175,
    0.06703748839569175,
    0.06703748839569175,
    0.06703748839569175,
    0.06703748839569175,
    0.06703748839569175,
    0.06703748839569175,
    0.06703748839569175,
    0.06703748839569175,
    0.06703748839569175,
    0.06703748839569175
  ]
}